customer_id,customer_name,email,country
1,Colleen Harmon,usmith@example.org,Greece
2,Jason Garza,jodikaiser@example.org,Tokelau
3,William Petersen,william28@example.com,Liberia
4,Joseph Zimmerman,pcarter@example.net,Ghana
5,Alice Duran,jeremiahtucker@example.com,Barbados
6,Courtney Cooper,justinharrison@example.org,Korea
7,Christy Ellis,nicholsheather@example.com,Vanuatu
8,Misty Ryan,michaelhanson@example.net,Sweden
9,Lisa Stein,andersontimothy@example.net,United States Virgin Islands
10,Aaron Mills,nathan75@example.org,Bangladesh
11,David Long,timothyturner@example.net,Guinea-Bissau
12,Barbara Allen,adamperry@example.org,Netherlands
13,Karen Torres,kara52@example.net,Nauru
14,Christian Cisneros,jbaxter@example.net,Belarus
15,Sarah Romero,matthew68@example.com,Mexico
16,David Tran,lwest@example.org,Sri Lanka
17,Judy Huang,ssmith@example.com,Saint Barthelemy
18,Gary Sherman,brownpatrick@example.com,Bahamas
19,Matthew Kim,camposshannon@example.com,Saint Vincent and the Grenadines
20,Alisha Shaw,randall82@example.org,Saint Kitts and Nevis
21,Sarah Nelson,aaron39@example.org,Algeria
22,Diana Scott,smithrebecca@example.com,Congo
45,Eric Holmes,sbailey@example.net,Holy See (Vatican City State)
46,Anita Bell,ofrye@example.com,Israel
47,Dale Mccormick,hfowler@example.org,Ecuador
48,Christopher Lawson,morgan15@example.org,Equatorial Guinea
49,Denise Maddox,jjones@example.org,China
168,Vickie Howard,kbarnes@example.org,Netherlands Antilles
169,Miranda Flynn,denisepowell@example.net,Mali
170,Teresa Morris,sandra16@example.com,Canada
171,Jon Harrison,bobby43@example.net,Australia
172,Stephanie Chen,andersonashley@example.com,British Indian Ocean Territory (Chagos Archipelago)
173,Abigail Curtis,richard92@example.com,Eritrea
174,Amy Hutchinson,nwalton@example.com,Western Sahara
175,Eric Figueroa,thomasdavid@example.com,Tanzania
176,Justin Raymond,stevenspatrick@example.net,Korea
177,Carolyn Allen,veronica70@example.net,Burundi
178,Jessica Johnson,lbrown@example.com,United States Minor Outlying Islands
179,Hector Henderson,robertmartin@example.net,Antarctica (the territory South of 60 deg S)
180,Jonathan Edwards,hlopez@example.net,Madagascar
181,Timothy Cline,phillipsregina@example.net,French Southern Territories
182,Roger James,peckomar@example.org,Bermuda
183,Eric Mitchell,john00@example.net,Tokelau
184,Karen Webb,briannathomas@example.com,Togo
185,Eileen Smith,aaron68@example.com,Benin
186,Herbert Edwards,proctorleslie@example.net,Denmark
187,Angela Poole,sheila09@example.com,Yemen
188,Daniel Marshall,shieldsrobert@example.org,Djibouti
189,Raymond Sparks,pamelasimmons@example.org,Sao Tome and Principe
190,Jennifer Harris,orrmichelle@example.com,Guam
191,Robert West,emily12@example.net,Montenegro
192,Alison Whitaker,aaron20@example.net,Anguilla
193,Heather Weiss,xunderwood@example.com,San Marino
194,Keith Gonzalez,kkennedy@example.org,South Georgia and the South Sandwich Islands
195,David Harris,cassandra27@example.net,Cook Islands
196,Dr. Jennifer Wong,lisa63@example.org,Mauritania
197,Jennifer Perkins,kaneemily@example.net,Poland
198,Rhonda Ferguson,haleysanchez@example.com,Brunei Darussalam
199,Bernard Davis,charles94@example.net,Netherlands Antilles
200,Ronald Fischer,barnesmonique@example.com,Afghanistan
201,Courtney Davis,josejones@example.org,Belize
202,Stacey Burns,iwatson@example.net,Austria
203,Lindsay Lynch,annette58@example.com,Svalbard & Jan Mayen Islands
204,Renee Powers,yatesjeanette@example.com,French Southern Territories
205,Jason Anderson,todd42@example.com,Syrian Arab Republic
206,Christine Moreno,rgonzalez@example.com,Georgia
207,John Brennan,rodriguezchristopher@example.com,Eritrea
208,Claire Carpenter,velazquezrobert@example.org,Egypt
209,Gabriella Wilson,qstrong@example.com,Liberia
210,Jennifer Wall,jeffreyreed@example.com,Central African Republic
211,Kyle Cain,sydneystanley@example.net,United Arab Emirates
212,David Garcia,fosterchristopher@example.com,Netherlands Antilles
213,Christopher Thornton,jmalone@example.org,Poland
214,Lisa Johnson,seansmith@example.com,Sudan
215,Ashley Kelly,karenkeller@example.net,Sweden
216,Sarah Taylor,cantrellkelly@example.com,Saint Kitts and Nevis
217,Frank Hardin,melissa26@example.com,Guatemala
218,Justin Wolfe,christopherwilliams@example.net,Poland
219,Robert Long,jodimyers@example.org,United States of America
220,Amanda Taylor,jonesshaun@example.net,Albania
221,Kimberly Middleton,coffeyjohnny@example.net,Vietnam
222,Jerome Bass,rachel44@example.org,Uzbekistan
223,Tracy Gill,ohughes@example.com,Mongolia
224,Jeremy Young,harrisontheresa@example.com,Angola
225,Emily Johnson,savannah75@example.org,Yemen
226,Randy Best,michelesmall@example.com,Malawi
227,Annette Gonzalez,rodney81@example.net,Puerto Rico
228,Holly Bailey,mason95@example.org,Portugal
229,Adam Webb,alexiswinters@example.com,Barbados
230,Jason Boyle,barkerrobert@example.net,Korea
231,Jacqueline Potter,pfarrell@example.com,Venezuela
232,Tanya Wagner,zpalmer@example.org,Belgium
233,Kevin Tapia,michaelmoody@example.org,New Zealand
234,Stacy Casey,mitchellmata@example.org,Christmas Island
235,Amy Kelly,blakenunez@example.net,Jamaica
236,Caleb Walker,qhenderson@example.net,Fiji
237,Rebecca Carter,barbaragardner@example.com,Burkina Faso
238,Eric Wang,orodriguez@example.org,Iceland
239,Diana Kirby,williammejia@example.net,Italy
240,Miranda Thomas,gary63@example.net,Latvia
241,Michael Aguirre,kaitlyntanner@example.net,China
242,Robert Roberts,nguyenjeffrey@example.com,Timor-Leste
243,Thomas Jones,zdiaz@example.com,Mauritania
244,Lori Johnson,jorge08@example.org,Mali
245,Francisco Russo,nwhitaker@example.com,Guatemala
246,Alicia Williams,torreswilliam@example.org,Faroe Islands
247,Holly Mccall,laura16@example.com,Wallis and Futuna
248,Evan Bennett,qchapman@example.org,Greece
249,Jacob Lawrence,brockcathy@example.net,Papua New Guinea
250,Susan Baker,allison79@example.com,Sweden
251,Danielle Russell,robertskaren@example.net,Liberia
252,Emily Thomas,summersalexander@example.org,Congo
253,Jacob Anderson,lmiller@example.com,Swaziland
254,Brian Silva,glloyd@example.com,Korea
255,Craig Bennett,hernandezanthony@example.org,China
256,Patricia Ellis,paulfitzgerald@example.org,Albania
257,Tara Hall,brownjuan@example.net,El Salvador
258,Jordan Silva,phansen@example.com,Puerto Rico
259,Kevin Booth,kirsten21@example.org,Haiti
260,Matthew Sloan,shannon57@example.com,United Kingdom
261,Harold Harper,alexander89@example.org,Burkina Faso
262,Amanda Miller,philip44@example.com,Zimbabwe
263,Keith Acosta,sarah90@example.org,Korea
264,Sierra Cummings,youngchristopher@example.net,Jamaica
265,John Ayala,diana92@example.org,Mongolia
266,Taylor Jackson MD,smithdouglas@example.org,Cambodia
267,Anthony Moran,williamsmiguel@example.com,Lesotho
268,Diane Elliott,patkins@example.org,Georgia
269,Kevin Fitzgerald,maryferguson@example.net,Antigua and Barbuda
270,James Fisher,dennis88@example.org,Barbados
271,Samantha Evans,carla48@example.org,Moldova
272,Jean Simpson,clementsashley@example.com,Micronesia
273,Anthony Bradford,carterwilliam@example.org,Ireland
274,Emily Stevens,vargasjill@example.net,Malawi
275,Shelby Roberson,hannah30@example.com,Poland
276,Cynthia Black,wturner@example.com,Romania
277,Ashley Brooks,ktaylor@example.com,Philippines
278,Elizabeth Lopez,danielbeard@example.org,Cyprus
279,Adam Simpson DVM,dominguezbrandy@example.org,Ethiopia
280,Kendra Baker,ysimmons@example.com,Sao Tome and Principe
281,Frank Santiago,kyleboyd@example.net,Serbia
282,Jessica Smith,bdavis@example.net,Holy See (Vatican City State)
283,Nathaniel Byrd,phillipsjohn@example.org,Central African Republic
284,Elizabeth Schneider,brandon79@example.com,Somalia
285,Robert Garcia,lgutierrez@example.net,Christmas Island
286,Angela Brown,vhorton@example.net,Aruba
287,Devin Jackson,stephanie05@example.com,Svalbard & Jan Mayen Islands
288,Marc Lewis,bradrodriguez@example.com,Guyana
289,Amanda Heath,ambermarquez@example.com,Antigua and Barbuda
290,Amanda Davis,levykathleen@example.net,Bolivia
291,Nicole Drake,catherinebaker@example.org,Central African Republic
292,Harold Lewis,karenmclean@example.org,Saint Lucia
293,Amanda Goodman DDS,aaron68@example.net,Mexico
294,Ashley Lindsey,georgehinton@example.com,Bangladesh
295,Mr. Michael Reynolds,davidcurtis@example.com,Botswana
296,Marilyn Harris,xhill@example.org,Venezuela
297,Joan Craig,bullockmarc@example.org,Netherlands
298,Roger Weber,cynthiajohnson@example.com,Martinique
299,Sabrina Brown,pricejohn@example.net,United States of America
300,Michele Long,frankkristie@example.net,Congo
301,Mike Ferguson,anthonyyoung@example.org,Denmark
302,Brian Martin,lisa13@example.net,Estonia
303,Kenneth Collins,ericksonamanda@example.org,Guam
304,Richard Green,urogers@example.net,Kazakhstan
305,Emily Dalton,hharper@example.org,Namibia
306,Stephanie Obrien,ule@example.com,Iraq
307,Stephen Mata,lewislisa@example.net,Gibraltar
308,Jamie Cervantes,htownsend@example.net,Cayman Islands
309,Sarah Melton,jesuscollins@example.net,Djibouti
310,Melissa Boone,torresmichael@example.net,San Marino
311,William Avery,jenniferstephens@example.com,Bahrain
312,Ronald Jackson,jessicashaffer@example.com,Syrian Arab Republic
313,Carl Choi,lmitchell@example.net,Chile
314,Jeffery Cunningham,pluna@example.net,Singapore
315,Jessica Smith,wphelps@example.com,Djibouti
316,Anthony Brown,kiara42@example.org,Nicaragua
317,Lauren Beck,baldwinjeremy@example.com,Egypt
318,Marvin Blair,jameschapman@example.org,Bahrain
319,Rodney Lee,felicia54@example.net,Angola
320,William Lewis,ujacobs@example.com,Myanmar
321,Jessica Myers,zlucero@example.net,Swaziland
322,Kevin Yang,zjohnson@example.com,Tunisia
323,Sherri Hardin,yprice@example.org,Micronesia
324,Lori Spencer,allison36@example.com,Latvia
325,Bryan Miller,rhonda04@example.org,Chile
326,Michael Price,lopezkyle@example.net,Antarctica (the territory South of 60 deg S)
327,Nicholas Schwartz,lesliewaller@example.org,Guadeloupe
328,Maurice Miller,alexis40@example.com,Gabon
329,Mr. David Reid,ilee@example.net,Serbia
330,Sabrina Wallace,brooke71@example.net,Anguilla
331,Peter Watson,robert51@example.com,Benin
332,Dawn Hampton,amy71@example.com,Portugal
333,Darius Cooley,zachary02@example.net,Uzbekistan
334,David Allen,kroberson@example.com,Kuwait
335,Kevin Perez,charlesburton@example.com,Greece
336,Bryan Johnson,ohernandez@example.org,Egypt
356,Crystal Bradley,wvaughn@example.org,Montserrat
357,Tyler Key,robert69@example.org,Myanmar
499,Connie Smith,gonzalezstephen@example.org,Kenya
500,Connie Nicholson,robertsoto@example.net,Grenada
501,Ramu Gangumalla,ssijhramu@gmail.com,india
502,JohnJickey,johnjickey@gmail.com,Singapore
224,Jeremy Young,harrisontheresa@example.com,Angola
225,Emily Johnson,savannah75@example.org,Yemen
226,Randy Best,michelesmall@example.com,Malawi
227,Annette Gonzalez,rodney81@example.net,Puerto Rico
228,Holly Bailey,mason95@example.org,Portugal
229,Adam Webb,alexiswinters@example.com,Barbados
230,Jason Boyle,barkerrobert@example.net,Korea


